author_id,id,text,created_at,public_metrics.retweet_count,public_metrics.reply_count,public_metrics.like_count,public_metrics.quote_count
1448047748541042689,1516645619145785350,"AutoconheCINEMA - King Richard
#willsmith #jadapinkettsmith for   #oscars   #oscars2022 for  winner for #Criticschoicesawards for winner for #emmys for his movie champion of will smith üé•üé•üé•üé•üé•üé•üé•üé•üé• may 9th 2022 https://t.co/eRJYLguA4s",2022-04-20T05:11:08.000Z,0,0,0,0
102129088,1516642633065635844,Oscars' 'punishment' for Will Smith slap is pathetic and weak https://t.co/KYfLPB1ulJ via @nypost GREAT TAKE üëçüëç,2022-04-20T04:59:16.000Z,0,0,0,0
1505024907381334017,1516633403374059522,"RT @Variety: Jada Pinkett Smith‚Äôs ‚ÄòRed Table Talk‚Äô Announces Lineup for New Season, but No Mention of Oscars¬†Slap https://t.co/svri75vNsP",2022-04-20T04:22:35.000Z,5,0,0,0
1505024907381334017,1516631964195127296,RT @Variety: Jada Pinkett Smith's #RedTableTalk is coming back. But it's unclear whether Will Smith's infamous Oscars slap will be discusse‚Ä¶,2022-04-20T04:16:52.000Z,4,0,0,0
1502107370494775296,1516627522649309185,RT @SamuelLJackson: Revelations Of Will Smith Call With Oscar Bosses Outrages Board &amp; More #SmartNews  https://t.co/0CEj5wGcyw,2022-04-20T03:59:13.000Z,87,0,0,0
1500680361071849472,1516607858472853510,Will Smith slaps Chris Rock at the¬†Oscars https://t.co/chhAaDL70B,2022-04-20T02:41:05.000Z,0,0,0,0
2891220923,1516600219714170883,"Will Packer Claims Chris Rock Said Will Could Leave, Rock Sources Say That's a Lie https://t.co/fH262ILC0h via @TMZ",2022-04-20T02:10:44.000Z,0,0,0,0
1455403059446697984,1516599261420408834,@gulftoday The #RedTableTalk season 5 trailer has been released -- is Will Smith going to discuss the Oscars debacle? https://t.co/snS1IyShw1 https://t.co/aIoBO9Aeot https://t.co/i3C6f9g9fT,2022-04-20T02:06:55.000Z,0,0,0,0
1002293322512297984,1516598789372448769,"Will Smith‚Äôs Post-Slap Oscars Acceptance Speech Spiked Audience by 600,000 Viewers https://t.co/SojB2atNF6",2022-04-20T02:05:03.000Z,0,0,0,0
1029320749356527616,1516596937138470914,Will Smith SLAPS Chris Rock at Oscars 2022 - South Park Animated https://t.co/i7i9iIdR9U via @YouTube the greatest-night in Television history,2022-04-20T01:57:41.000Z,0,0,0,0
2497930419,1516592608407076875,RT @extratv: Jada Pinkett Smith is back at the red table in the wake of the Oscars altercation between Will Smith and Chris Rock. https://t‚Ä¶,2022-04-20T01:40:29.000Z,1,0,0,0
1063756713877213185,1516590790834802694,Liam Payne explains ‚Äòfunny‚Äô accent during his Will Smith Oscars chat on¬†GMB https://t.co/R2yCtYXwwU,2022-04-20T01:33:16.000Z,0,0,0,0
15676578,1516589969766330370,Jada Pinkett Smith is back at the red table in the wake of the Oscars altercation between Will Smith and Chris Rock. https://t.co/AOIUpohRHJ,2022-04-20T01:30:00.000Z,1,0,1,0
1705999651,1516585090079469575,"Social Update: Jada Pinkett Smith's 'Red Table Talk' Lineup Revealed, No Mention Of Will or Slap. Jada Pinkett Smith's ""Red Table Talk"" is returning with all-new episodes, but their lineup is glaringly missing Will Smith as a guest... https://t.co/PZ8abnGTnN #tmz #theartsandus https://t.co/CJumoUF1Xa",2022-04-20T01:10:36.000Z,0,0,0,0
283604227,1516577952237977600,Andy Vermaut shares:Jada Pinkett Smith‚Äôs ‚ÄòRed Table Talk‚Äô Returns This Week With First Post-Oscars Episode: Jada Pinkett Smith‚Äôs¬†Red Table Talk¬†is returning to Facebook Watch on Wednesday for its first episode since her husband Will Smith‚Ä¶ https://t.co/AOT5oeL5rL Thankyou. https://t.co/DEUG0H33wY,2022-04-20T00:42:15.000Z,0,0,0,0
334781576,1516573235185389572,"RT @TMZ: Now will the infamous Oscars moment get a mention?
https://t.co/1SluZRuofX",2022-04-20T00:23:30.000Z,17,0,0,0
1382677869554458626,1516568412536950791,"Jada Pinkett Smith's 'Red Table Talk' Lineup Revealed, No Mention Of Will or Slap https://t.co/aqM8xXJd1v Earn money now. Work on the Internet! https://t.co/XBKDNZ447g
 (#Siguemeytesigo) (#Followback) (#News) (#SDV)",2022-04-20T00:04:20.000Z,0,0,0,0
1207441207997206529,1516565656774352900,Jada Pinkett Smith releases Red Table Talk trailer after Will Smith Oscars slap https://t.co/3WSuPDR6uY via @MetroUK,2022-04-19T23:53:23.000Z,0,1,0,0
768536963305578500,1516561719648133120,https://t.co/W8VwJ16Zrh,2022-04-19T23:37:44.000Z,0,0,1,0
1092762680593694720,1516559840243589127,"RT @TMZ: Now will the infamous Oscars moment get a mention?
https://t.co/1SluZRuofX",2022-04-19T23:30:16.000Z,17,0,0,0
824603510,1516553865646477315,RT @HollywoodLife: The #RedTableTalk season 5 trailer has been released -- is Will Smith going to discuss the Oscars debacle? https://t.co/‚Ä¶,2022-04-19T23:06:32.000Z,1,0,0,0
3297714729,1516550541186318342,"RT @LightfootInHwd: After Will Smith assaulted Chris Rock, procedures were so shaken that they didn't present Liza in a directors chair, th‚Ä¶",2022-04-19T22:53:19.000Z,2,0,0,0
2266204533,1516549575036780544,"No shit.

https://t.co/sS9ootAMP7",2022-04-19T22:49:29.000Z,0,0,0,0
67937047,1516549156684255236,RT @froomkin: Great headline: The climate change story that generated way more reader mail than Will Smith's Oscars slap https://t.co/daaoJ‚Ä¶,2022-04-19T22:47:49.000Z,8,0,0,0
51176565,1516547832718626817,RT @froomkin: Great headline: The climate change story that generated way more reader mail than Will Smith's Oscars slap https://t.co/daaoJ‚Ä¶,2022-04-19T22:42:34.000Z,8,0,0,0
10507282,1516546935850561538,RT @froomkin: Great headline: The climate change story that generated way more reader mail than Will Smith's Oscars slap https://t.co/daaoJ‚Ä¶,2022-04-19T22:39:00.000Z,8,0,0,0
1512374511663935489,1516546086768316418,"RT @usweekly: Weeks later, celebs are *still* reacting to the #OSCARS slap. https://t.co/rXuRipVpEX",2022-04-19T22:35:37.000Z,1,0,0,0
20012204,1516545930840915970,"Weeks later, celebs are *still* reacting to the #OSCARS slap. https://t.co/rXuRipVpEX",2022-04-19T22:35:00.000Z,1,1,5,0
1285012716,1516543348064100357,RT @froomkin: Great headline: The climate change story that generated way more reader mail than Will Smith's Oscars slap https://t.co/daaoJ‚Ä¶,2022-04-19T22:24:44.000Z,8,0,0,0
742121887493296128,1516542967472955397,"RT @LightfootInHwd: After Will Smith assaulted Chris Rock, procedures were so shaken that they didn't present Liza in a directors chair, th‚Ä¶",2022-04-19T22:23:14.000Z,2,0,0,0
819644227,1516538832358981635,RT @froomkin: Great headline: The climate change story that generated way more reader mail than Will Smith's Oscars slap https://t.co/daaoJ‚Ä¶,2022-04-19T22:06:48.000Z,8,0,0,0
47554499,1516537128519233536,RT @froomkin: Great headline: The climate change story that generated way more reader mail than Will Smith's Oscars slap https://t.co/daaoJ‚Ä¶,2022-04-19T22:00:01.000Z,8,0,0,0
1281303947857113088,1516536705578242050,RT @froomkin: Great headline: The climate change story that generated way more reader mail than Will Smith's Oscars slap https://t.co/daaoJ‚Ä¶,2022-04-19T21:58:21.000Z,8,0,0,0
172954545,1516535351250239501,RT @froomkin: Great headline: The climate change story that generated way more reader mail than Will Smith's Oscars slap https://t.co/daaoJ‚Ä¶,2022-04-19T21:52:58.000Z,8,0,0,0
14588748,1516535048413065219,Great headline: The climate change story that generated way more reader mail than Will Smith's Oscars slap https://t.co/daaoJ11zTN,2022-04-19T21:51:46.000Z,8,1,16,0
2707584582,1516533860237910017,'Saturday Night Live' takes on Will Smith's Oscars slap https://t.co/uQIfz5djsK #BreakingNews #news #Twitter #UkraineÔ∏è #UkraineRussiaWar #Trump #Biden,2022-04-19T21:47:02.000Z,0,0,0,0
399129934,1516531745935573000,"After Will Smith assaulted Chris Rock, procedures were so shaken that they didn't present Liza in a directors chair, they forced her out in the wheelchair.üíî

Liza Minnelli was ‚Äòsabotaged‚Äô at Oscars 2022, longtime pal claims

https://t.co/wBd3zywZHa",2022-04-19T21:38:38.000Z,2,3,5,0
4860229528,1516531136431902723,"RT @Toastmasters: Darren LaCroix, the 2001 World Champion of Public Speaking was featured in the Forbes article How To Be A Better Speaker‚Ä¶",2022-04-19T21:36:13.000Z,11,0,0,0
21246105,1516529632564154379,The #RedTableTalk season 5 trailer has been released -- is Will Smith going to discuss the Oscars debacle? https://t.co/ELjm0P7aTY https://t.co/wLwJxLcfPy,2022-04-19T21:30:14.000Z,1,0,1,0
20194256,1516528612006105090,"Jada Pinkett Smith's 'Red Table Talk' Lineup Revealed, No Mention Of Will or Slap https://t.co/Y0lLX3xgsl",2022-04-19T21:26:11.000Z,0,0,0,0
996829562,1516528482725072911,"RT @LaLigaenDirecto: 1‚É£5‚É£ Que alguien pare esto, POR FAVOR. #LaProfec√≠a

√ìscars 1977: Sylvester Stallone y Muhammad Ali tienen una 'pelea'‚Ä¶",2022-04-19T21:25:40.000Z,63,0,0,0
48672406,1516525575359414283,"Still no sure what a make eh whole Oscars debacle but defo Agree absolutely wi this article.
https://t.co/bMt9Hnow9b",2022-04-19T21:14:07.000Z,0,0,2,0
80873474,1516524803670171652,"Jada Pinkett Smith's 'Red Table Talk' Lineup Revealed, No Mention Of Will or Slap https://t.co/MtOBxWpAL7 https://t.co/471KhP6kjY",2022-04-19T21:11:03.000Z,0,0,0,0
543361006,1516523004624359429,"RT @TMZ: Jada Pinkett Smith's 'Red Table Talk' is coming back for a new season, but it looks like Will won't be joining her to talk about h‚Ä¶",2022-04-19T21:03:54.000Z,11,0,0,0
488309398,1516522346697347075,"Jada Pinkett Smith's 'Red Table Talk' Lineup Revealed, No Mention Of Will or Slap via @TMZcancel red fake table‚Ä¶‚Ä¶ https://t.co/7B09qcREDV",2022-04-19T21:01:17.000Z,0,0,0,0
95596412,1516522050244034584,"""There‚Äôs too much reliance on written statements and not enough acknowledgment that multiple apologies are missing from all parties.""

#hollywoodnews #variety #theimagecartel

https://t.co/JPV64kl3M9",2022-04-19T21:00:07.000Z,0,0,0,0
3182894353,1516520201826844672,"Jada Pinkett Smith's 'Red Table Talk' Lineup Revealed, No Mention Of Will or Slap https://t.co/LohjPr4jzG",2022-04-19T20:52:46.000Z,0,0,0,0
64919580,1516518396074070025,"RT @TMZ: Jada Pinkett Smith's 'Red Table Talk' is coming back for a new season, but it looks like Will won't be joining her to talk about h‚Ä¶",2022-04-19T20:45:35.000Z,11,0,0,0
287608175,1516518294861320202,"RT @TMZ: Jada Pinkett Smith's 'Red Table Talk' is coming back for a new season, but it looks like Will won't be joining her to talk about h‚Ä¶",2022-04-19T20:45:11.000Z,11,0,0,0
1266641846954057728,1516517890740129804,"RT @TMZ: Jada Pinkett Smith's 'Red Table Talk' is coming back for a new season, but it looks like Will won't be joining her to talk about h‚Ä¶",2022-04-19T20:43:35.000Z,11,0,0,0
860819376,1516517800306696194,"Hosted By MFrazz: Jada Pinkett Smith's 'Red Table Talk' Lineup Revealed, No Mention Of Will or Slap https://t.co/YkM3jmZ6lS",2022-04-19T20:43:13.000Z,0,0,0,0
297097895,1516517658459394048,"Jada Pinkett Smith's 'Red Table Talk' Lineup Revealed, No Mention Of Will or Slap https://t.co/Zfc2HBgIm7",2022-04-19T20:42:39.000Z,0,0,0,0
1420660507,1516517649965993984,"Jada Pinkett Smith's 'Red Table Talk' Lineup Revealed, No Mention Of Will or Slap https://t.co/i0MMEH69OI https://t.co/WtAuhE1d7i",2022-04-19T20:42:37.000Z,0,0,0,0
904856142,1516516912754221060,"RT @TMZ: Jada Pinkett Smith's 'Red Table Talk' is coming back for a new season, but it looks like Will won't be joining her to talk about h‚Ä¶",2022-04-19T20:39:42.000Z,11,0,0,0
1514149588252385286,1516516380106903556,"Jada Pinkett Smith's 'Red Table Talk' Lineup Revealed, No Mention Of Will or Slap https://t.co/vPoD0PbL8g",2022-04-19T20:37:35.000Z,0,0,0,0
98432389,1516516277661143043,"RT @TMZ: Jada Pinkett Smith's 'Red Table Talk' is coming back for a new season, but it looks like Will won't be joining her to talk about h‚Ä¶",2022-04-19T20:37:10.000Z,11,0,0,0
915660083069145089,1516515591871475716,"RT @TMZ: Jada Pinkett Smith's 'Red Table Talk' is coming back for a new season, but it looks like Will won't be joining her to talk about h‚Ä¶",2022-04-19T20:34:27.000Z,11,0,0,0
2857007766,1516515382642708483,"RT @TMZ: Jada Pinkett Smith's 'Red Table Talk' is coming back for a new season, but it looks like Will won't be joining her to talk about h‚Ä¶",2022-04-19T20:33:37.000Z,11,0,0,0
260014669,1516515342629187584,"RT @TMZ: Jada Pinkett Smith's 'Red Table Talk' is coming back for a new season, but it looks like Will won't be joining her to talk about h‚Ä¶",2022-04-19T20:33:27.000Z,11,0,0,0
16331010,1516514891489849347,"Jada Pinkett Smith's 'Red Table Talk' is coming back for a new season, but it looks like Will won't be joining her to talk about his Oscars slap. https://t.co/BkvqJRcjAT",2022-04-19T20:31:40.000Z,11,51,69,19
1419666560109719555,1516514733939216385,‚ÄúWill Smith Has Been Bullying Chris Rock All His Life‚Äù: Actor Who Made Bold Claim on Dwyane Wade‚Äôs Wife Comments on Oscars¬†Slapgate https://t.co/bRdeTyJR76,2022-04-19T20:31:02.000Z,0,0,0,0
1419666560109719555,1516514732525694988,Zayn Malik‚Äôs Favorite Fighter Calls Out Former Interim UFC Champion With Chris Rock and Will Smith‚Äôs Oscars Slap¬†Reference https://t.co/u6PkP3yszs,2022-04-19T20:31:02.000Z,0,0,0,0
1478642682851467266,1516514345068474372,RT @crypto_wires: Will Smith Slaps Chris Rock At The Oscars 2022! Animated https://t.co/3b6aYve9ms via @YouTube #funny #willsmithchrisrock‚Ä¶,2022-04-19T20:29:29.000Z,2,0,0,0
724282982652059648,1516514296544563201,RT @crypto_wires: Will Smith Slaps Chris Rock At The Oscars 2022! Animated https://t.co/3b6aYve9ms via @YouTube #funny #willsmithchrisrock‚Ä¶,2022-04-19T20:29:18.000Z,2,0,0,0
827770400,1516514214021578757,Will Smith Slaps Chris Rock At The Oscars 2022! Animated https://t.co/3b6aYve9ms via @YouTube #funny #willsmithchrisrock #mentalhealth,2022-04-19T20:28:58.000Z,2,0,4,0
1514797963373031431,1516512818299908099,Telling my kids this was will smith and Chris rock at the 2022 Oscars https://t.co/kqFwJtuopR,2022-04-19T20:23:25.000Z,0,0,1,0
1288496932130824197,1516506652417171456,RT @Variety: Jada Pinkett Smith's #RedTableTalk is coming back. But it's unclear whether Will Smith's infamous Oscars slap will be discusse‚Ä¶,2022-04-19T19:58:55.000Z,4,0,0,0
2638154123,1516504074614620164,RT @ryangrim: Honor culture is back. We eradicated it for a reason. https://t.co/Cw7QhyIpbD,2022-04-19T19:48:41.000Z,49,0,0,0
1358878482349117442,1516498778924236802,RT @AlainPersian: #Ÿà€åŸÑ_ÿßÿ≥ŸÖ€åÿ™ÿå ÿ®ÿßÿ≤€å⁄Øÿ± ŸÖÿπÿ±ŸàŸÅ ÿ¢ŸÖÿ±€å⁄©ÿß€å€åÿå ÿØÿ± ÿ≥ÿß€åŸá ÿ≠Ÿàÿßÿ¥€å ŸÖÿ±ÿßÿ≥ŸÖ #ÿßÿ≥⁄©ÿßÿ± €≤€∞€≤€≤ ÿßÿπŸÑÿßŸÖ ⁄©ÿ±ÿØ ÿßÿ≤ ÿπÿ∂Ÿà€åÿ™ ÿØÿ± ÿ¢⁄©ÿßÿØŸÖ€å ÿπŸÑŸàŸÖ Ÿà ŸáŸÜÿ±Ÿáÿß€å ÿ≥€åŸÜŸÖÿß€å€å ÿßÿ≥⁄©‚Ä¶,2022-04-19T19:27:38.000Z,1,0,0,0
2843241058,1516498003711852545,"RT @eldelquijote: Will Smith, Premio Donostia 2022. #Oscars https://t.co/8GF6bte3fN",2022-04-19T19:24:33.000Z,21,0,0,0
392946127,1516497995247890432,RT @Variety: Jada Pinkett Smith's #RedTableTalk is coming back. But it's unclear whether Will Smith's infamous Oscars slap will be discusse‚Ä¶,2022-04-19T19:24:31.000Z,4,0,0,0
1070748296220721152,1516497974565781504,RT @Variety: Jada Pinkett Smith's #RedTableTalk is coming back. But it's unclear whether Will Smith's infamous Oscars slap will be discusse‚Ä¶,2022-04-19T19:24:26.000Z,4,0,0,0
17525171,1516497758701514755,Jada Pinkett Smith's #RedTableTalk is coming back. But it's unclear whether Will Smith's infamous Oscars slap will be discussed. https://t.co/svri75Nokn,2022-04-19T19:23:35.000Z,4,11,21,10
1364579275387592712,1516492542300274694,"RT @Variety: Jada Pinkett Smith‚Äôs ‚ÄòRed Table Talk‚Äô Announces Lineup for New Season, but No Mention of Oscars¬†Slap https://t.co/svri75vNsP",2022-04-19T19:02:51.000Z,5,0,0,0
939921812,1516490956320784397,"About Will Smith and Chris Rock at The Oscars | by William Spivey | Mar, 2022 | Medium - via @pensignal  https://t.co/sgEb2orpsm #Oscars #WillSmith",2022-04-19T18:56:33.000Z,0,0,0,0
19491908,1516490886699536394,"RT @Variety: Jada Pinkett Smith‚Äôs ‚ÄòRed Table Talk‚Äô Announces Lineup for New Season, but No Mention of Oscars¬†Slap https://t.co/svri75vNsP",2022-04-19T18:56:17.000Z,5,0,0,0
732781434608345088,1516486900436987909,"2022? elon musk musk twitter? oscars will smith? Ukraine Russia? Get your head out of the clouds, Watson! the game is afoot!",2022-04-19T18:40:26.000Z,0,0,1,0
1420660507,1516485565322911747,"#JadaPinkettSmith‚Äôs ‚Äò#RedTableTalk‚Äô Announces Lineup for New Season, but No Mention of #Oscars Slap https://t.co/HO2hb4BPjh https://t.co/9FzkkgGo8H",2022-04-19T18:35:08.000Z,0,0,0,0
1301669299963211777,1516483880374599683,"NEWS üî•| New interview with Mark Jansen! He talked about the upcoming Omega Mexico Tour, Will Smith at the #Oscars and more üëÄ

Link: https://t.co/fYUfh5Wtbt",2022-04-19T18:28:26.000Z,0,1,7,0
227150911,1516483822069686278,RT @nypost: Oscars slapper Will Smith says he turned down 'Django' due to 'violence' https://t.co/oAEsLTxbqG https://t.co/nvSeM23Zfk,2022-04-19T18:28:12.000Z,670,0,0,0
32779145,1516482200518426632,"Jada Pinkett Smith‚Äôs ‚ÄòRed Table Talk‚Äô Announces Lineup for New Season, but No Mention of Oscars Slap https://t.co/TVVqQWC9WU",2022-04-19T18:21:46.000Z,0,0,0,0
423241704,1516482035774332932,"RT @Variety: Jada Pinkett Smith‚Äôs ‚ÄòRed Table Talk‚Äô Announces Lineup for New Season, but No Mention of Oscars¬†Slap https://t.co/svri75vNsP",2022-04-19T18:21:06.000Z,5,0,0,0
1123117357,1516481770979422209,"Jada Pinkett Smith‚Äôs ‚ÄòRed Table Talk‚Äô Announces Lineup for New Season, but No Mention of Oscars Slap https://t.co/TnZW041KgI",2022-04-19T18:20:03.000Z,0,0,0,0
564577739,1516481280254242818,"RT @Variety: Jada Pinkett Smith‚Äôs ‚ÄòRed Table Talk‚Äô Announces Lineup for New Season, but No Mention of Oscars¬†Slap https://t.co/svri75vNsP",2022-04-19T18:18:06.000Z,5,0,0,0
1514149588252385286,1516481263233732613,"Jada Pinkett Smith‚Äôs ‚ÄòRed Table Talk‚Äô Announces Lineup for New Season, but No Mention of Oscars Slap https://t.co/wt17RP62eQ #News #JadaPinkettSmith",2022-04-19T18:18:02.000Z,0,0,0,0
17525171,1516480449522110467,"Jada Pinkett Smith‚Äôs ‚ÄòRed Table Talk‚Äô Announces Lineup for New Season, but No Mention of Oscars¬†Slap https://t.co/svri75vNsP",2022-04-19T18:14:48.000Z,5,7,28,5
15676578,1516472317089525760,Jada Pinkett Smith is back at the red table in the wake of the Oscars altercation between Will Smith and Chris Rock. https://t.co/wKf4hPSOtt,2022-04-19T17:42:29.000Z,1,1,0,0
1475625085813854215,1516471744663625738,RT @HarringtonBoyce: Thank you fortune for the shoutout üöÄüëèSlapping our way to a new ATH üöÄhttps://t.co/baoAUbnoxi#SLAP #OSCARS‚Ä¶ https://t.co‚Ä¶,2022-04-19T17:40:13.000Z,1,0,0,0
38412700,1516471387925270528,"RT @LoraineForLA: Note to @LAtimes: readers care about climate -- and they want the Times to cover the protests that are happening

The cli‚Ä¶",2022-04-19T17:38:48.000Z,4,0,0,0
2919035854,1516469486429294600,"RT @TMZ: Now will the infamous Oscars moment get a mention?
https://t.co/1SluZRuofX",2022-04-19T17:31:14.000Z,17,0,0,0
480890339,1516462954476048385,"RT @LoraineForLA: Note to @LAtimes: readers care about climate -- and they want the Times to cover the protests that are happening

The cli‚Ä¶",2022-04-19T17:05:17.000Z,4,0,0,0
1505784484465061888,1516457579303514117,"RT @NaviNous: Will Smith Apologizes for Slapping Oscars Presenter Chris Rock:
""I am embarrassed and my actions were not indicative of the m‚Ä¶",2022-04-19T16:43:55.000Z,1,0,0,0
134826316,1516456104632492034,"RT @LoraineForLA: Note to @LAtimes: readers care about climate -- and they want the Times to cover the protests that are happening

The cli‚Ä¶",2022-04-19T16:38:04.000Z,4,0,0,0
3660566372,1516453574099701762,"RT @LoraineForLA: Note to @LAtimes: readers care about climate -- and they want the Times to cover the protests that are happening

The cli‚Ä¶",2022-04-19T16:28:01.000Z,4,0,0,0
1076238692941885440,1516452262465339393,"Note to @LAtimes: readers care about climate -- and they want the Times to cover the protests that are happening

The climate change story that generated way more reader mail than Will Smith's Oscars slap https://t.co/XEHEp70XTl",2022-04-19T16:22:48.000Z,4,0,6,0
1254591098837762048,1516447352902631432,Will Smith Slaps Chris Rock Into Next Week Onstage At Oscars After Bad Jada¬†Joke https://t.co/GsUndBTMJ2,2022-04-19T16:03:17.000Z,0,0,0,0
1254591098837762048,1516447284015345670,Will Smith Responds To Being Banned From The¬†Oscars https://t.co/qN1lhwdNNe,2022-04-19T16:03:01.000Z,0,0,0,0
1254591098837762048,1516447221369221124,Will Smith Got Banned From The Oscars For The Next¬†Decade https://t.co/Vfix13nXfl,2022-04-19T16:02:46.000Z,0,0,0,0
283604227,1516446553392619521,"Andy Vermaut shares:‚ÄòRed Table Talk‚Äô Season 5 Trailer: Is Will Smith Set to Appear On Jada‚Äôs Show After Oscar‚Äôs Slap?: Following Will Smith‚Äôs incident at the Oscars, there will be plenty‚Ä¶ https://t.co/6bfj34v9yg Thank you. #AndyVermautLovesHollywood #ThankYouForTheEntertainment https://t.co/QZu9aIfaWH",2022-04-19T16:00:07.000Z,0,0,1,0
1332941354586886144,1516445054012960770,‚ÄòRed Table Talk‚Äô Season 5 Trailer: Is Will Smith Set to Appear On Jada‚Äôs Show After Oscar‚Äôs¬†Slap? https://t.co/vc1I3Lr9ZV,2022-04-19T15:54:09.000Z,0,0,0,0
